ID,name_product,price_product,number_purchaser,name_store,address
1,Apple/苹果 iPhone 15 Pro Max新款5G手机官方国行正品百亿补贴,8268.00元,10万+人收货,百亿补贴官方频道,浙江
2,Apple/苹果 iPhone 15 Pro全网通5G手机新品原装官方正品百亿补贴,7348.00元,6万+人收货,百亿补贴官方频道,浙江
3,Apple/苹果 iPhone 15 新品5G手机全新原装正品全网通国行苹果15,5799.00元,5万+人收货,百亿补贴官方频道,浙江
4,Apple/苹果 iPhone 15,5999.00元,0,Apple Store 官方旗舰店,上海
5,honor/荣耀X50 5G智能手机荣耀手机百亿补贴大电池官网正品老人机,1099.00元,3万+人收货,百亿补贴官方频道,浙江
6,Apple/苹果 iPhone 15 Pro Max,9999.00元,0,Apple Store 官方旗舰店,上海
7,【赠碎屏保】Redmi Note 13 Pro手机小米2亿像素红米智能新春老年备用note小米官方旗舰店官网13pro好运红,1399.00元,2万+人收货,小米官方旗舰店,北京
8,Apple/苹果 iPhone 15 Pro,7999.00元,0,Apple Store 官方旗舰店,上海
9,【限量赠充电宝】Redmi K70红米手机小米手机官方旗舰店K60红米k70小米k70高通骁龙8Gen2澎湃OS,2499.00元,2万+人收货,小米官方旗舰店,北京
10,【官网】荣耀X50 新品5G智能手机全球首款瑞士SGS整机五星抗跌耐摔认证 5800mAh大电池官方,1299.00元,2万+人收货,荣耀官方旗舰店,广东
11,小米 Redmi Note 12 Turbo手机红米官方正品官网新品5G学生闪充,1858.00元,1万+人收货,百亿补贴官方频道,浙江
12,【旗舰】华为/HUAWEI Mate 60 Pro 智能手机新品,7999.00元,0,华为官方旗舰店,广东
13,【购机享6期免息】vivo iQOO Neo9新品手机第二代骁龙8官方旗舰店正品智能5g学生游戏neo8,2299.00元,1万+人收货,iQOO手机官方旗舰店,广东
14,MIUI/小米 Redmi K70 新款红米5G手机小米手机百亿补贴官方正品,2299.00元,1万+人收货,百亿补贴官方频道,浙江
15,【 限时买赠399元尊享礼盒】小米14手机新品新款上市小米官方旗舰店官网高通骁龙8Gen3小米汽车同款定制色,3999.00元,1万+人收货,小米官方旗舰店,北京
16,Apple/苹果 iPhone 15 Pro Max,9999.00元,1万+人收货,强盛手机企业店,上海
17,【指定整点抢五折】Redmi Note 13 5G手机1亿像素红米note手机小米小米官方旗舰店官网新品note13,999.00元,1万+人收货,小米官方旗舰店,北京
18,【立即抢购】Redmi Note 12 Turbo手机红米小米note拍照游戏智能旗舰直屏小米官方旗舰店官网新品12t,1599.00元,1万+人收货,小米官方旗舰店,北京
19,Redmi红米Note 13 Pro新款5g手机官网正品百亿补贴小米note13pro,1276.00元,1万+人收货,百亿补贴官方频道,浙江
20,【立即抢购】Redmi Note 12T Pro手机红米note手机智能小米官方旗舰店官网正品note12tp,1199.00元,1万+人收货,小米官方旗舰店,北京
21,[官方直营]4G全网通纽曼M560正品老年手机超长待机老人机大屏幕大字大声音男女士电信版学生专用智能按键,56.60元,1万+人收货,创于佳讯数码专营店,广东
22,Apple/苹果 iPhone 15 Pro Max,11999.00元,1万+人收货,鑫辰通讯数码科技,广东
23,honor/荣耀 90正品保障高通骁龙芯片游戏智能手机百亿补贴官方,1729.00元,1万+人收货,百亿补贴官方频道,浙江
24,【下拉跳转百补更优惠】Redmi Note 12T Pro手机红米note手机小米手机小米官方旗舰店新品note12tp,1178.00元,9000+人收货,小米官方旗舰店,北京
25,Apple/苹果 iPhone 15 Pro Max 新品5G全网通手机,10499.00元,9000+人收货,华圣手机通讯店,广东
26,【享6期分期免息】OPPO一加 Ace 3 新款游戏学生智能5G手机第二代骁龙8 一加官网旗舰店官方正品oppoAI,2599.00元,9000+人收货,一加官方旗舰店,广东
27,【百亿补贴】Apple/苹果 iPhone 15 Pro Max智能手机,9999.00元,9000+人收货,中国移动泛全联盟手机企业店,浙江
28,华为畅享 70 Pro 1亿像素超清影像 40W超级快充5000mAh大电池长续航官方旗舰店鸿蒙直面屏学生智能,1449.00元,8000+人收货,华为官方旗舰店,广东
29,OnePlus/一加 Ace 2旗舰智能5G手机正品保障新款游戏骁龙8+处理器,1848.00元,8000+人收货,百亿补贴官方频道,浙江
30,【新品上市】HONOR/荣耀90 GT 5G智能 直屏 手机第二代骁龙8旗舰芯片官方旗舰店官网正品学生游戏电竞 护眼,2599.00元,8000+人收货,荣耀官方旗舰店,广东
31,vivo iQOO Neo8高通骁龙8+高刷正品保障智能5G游戏手机百亿补贴,2179.00元,8000+人收货,百亿补贴官方频道,浙江
32,【新品】HUAWEI/华为 nova 12 活力版6.88mm超薄潮美直屏 前置6000万超广角拍照 华为官方旗舰店鸿蒙智能,2499.00元,8000+人收货,华为官方旗舰店,广东
33,Apple/苹果15plus iphone15plus 2023新品5G手机官网正品百亿补贴,5790.00元,8000+人收货,百亿补贴官方频道,浙江
34,OPPO 一加 Ace2 pro手机新款游戏旗舰拍照5G手机新品正品百亿补贴,2305.00元,7000+人收货,百亿补贴官方频道,浙江
35,Apple/苹果 iPhone 15 Pro,7999.00元,7000+人收货,强盛手机企业店,上海
36,【新品上新】华为畅享 70 6000mAh大电池超长续航 6.75英寸影音大屏官方旗舰店鸿蒙直面屏学生智能,1149.00元,7000+人收货,华为官方旗舰店,广东
37,honor/荣耀 X50 5G智能手机十面抗摔硬核曲面5800mAh长续航,1249.00元,7000+人收货,荣耀手机数码店,广东
38,【百亿补贴】Apple/苹果 iPhone 15,5999.00元,7000+人收货,中国移动泛全联盟手机企业店,浙江
39,【官网】HONOR/荣耀X50 GT 智能5G手机骁龙8+满帧战神引擎 5800mAh超长续航官方旗舰店官网游戏电竞学生,1999.00元,7000+人收货,荣耀官方旗舰店,广东
40,【官网】OPPO K10x官网大电池拍照智能全面屏新款电竞游戏oppo手机官方旗舰店学生备用老人机oppo正品,899.00元,7000+人收货,OPPO官方旗舰店,广东
41,Apple/苹果 iPhone 15 Plus,6999.00元,0,Apple Store 官方旗舰店,上海
42,OPPO Reno11 天玑8200旗舰芯片5G新款智能拍照oppo手机学生正品官网oppo官方旗舰店oppo reno11AI,2099.00元,6000+人收货,OPPO官方旗舰店,广东
43,【指定整点抢五折】小米红米Note 12 5G 新品OLED屏幕智能红米官网小米官方旗舰店note12,949.00元,6000+人收货,小米官方旗舰店,北京
44,【新品上市】荣耀100 5G智能手机单反级写真相机OIS光学防抖100W超级快充荣耀绿洲护眼屏官方旗舰店官网90,2299.00元,6000+人收货,荣耀官方旗舰店,广东
45,【新春开门红特惠100元】Redmi K70E红米手机小米手机小米官方旗舰店新品上市红米k70小米,1899.00元,5000+人收货,小米官方旗舰店,北京
46,【购机享3期免息】vivo iQOO Neo8新品手机高通骁龙8+独显高刷官方旗舰店智能5g游戏电竞爱酷neo7,1899.00元,5000+人收货,iQOO手机官方旗舰店,广东
47,【顺丰包邮】Apple/苹果 iPhone 15 Pro Max全网通5G手机,10999.00元,5000+人收货,中国移动手机数码店,浙江
48,【官方旗舰店】金立L17老年手机4G全网通正品超长待机老人机大屏大字大声音男女电信版学生专用智能按键,95.00元,5000+人收货,gionee金立旗舰店,广东
49,【顺丰包邮】Apple/苹果 iPhone 15 新品5G手机全新原装正品,5999.00元,5000+人收货,中国移动手机数码店,浙江
50,Apple/苹果 iPhone 15 Pro Max 支持移动联通电信5G 双卡双待手机,9999.00元,5000+人收货,HK数码企业店,上海
51,【官网】OPPO K11手机拍照智能全面屏大电池新款电竞游戏高通骁龙oppo官方旗舰店正品学生备用机老人oppo,1499.00元,5000+人收货,OPPO官方旗舰店,广东
52,【享24期免息】HONOR/荣耀Magic6 5G智能手机 第三代骁龙8芯片/荣耀巨犀玻璃/青海湖电池官方旗舰店官网拍照,4399.00元,5000+人收货,荣耀官方旗舰店,广东
53,【24期免息 赠无线运动耳机2】vivo S18骁龙5G智能人像拍照AI新品手机全面屏官方旗舰店官网正品S17Pro S17e,2099.00元,5000+人收货,vivo手机官方旗舰店,广东
54,Apple/苹果 iPhone 13,4699.00元,0,Apple Store 官方旗舰店,上海
55,【限时买赠399元尊享礼盒】小米14Pro手机新品新款上市小米官方旗舰店官网澎湃OS系统小米汽车同款定制色,4999.00元,5000+人收货,小米官方旗舰店,北京
56,honor/荣耀 X50,1399.00元,5000+人收货,通讯终端互联网,江苏
57,【立即抢购】Redmi 12C新品上市智能官方旗舰店红米小米手机大音学生老年备用机老人百元机12c,599.00元,4000+人收货,小米官方旗舰店,北京
58,Apple/苹果 iPhone 15 Pro 支持移动联通电信5G 双卡双待手机,7999.00元,4000+人收货,HK数码企业店,上海
59,vivo iQOO Z8x手机全网通5G学生拍照游戏正品全新vivo手机爱酷z8,1091.00元,4000+人收货,百亿补贴官方频道,浙江
60,【全国联保】Apple/苹果 iPhone 15 Pro Max全网通5G手机原装国行,8749.00元,4000+人收货,众逸数码,江苏
61,【新品】HUAWEI/华为 nova 12 Pro 前置6000万人像追焦双摄物理可变光圈华为官方旗舰店鸿蒙智慧通信智能,3999.00元,0,华为官方旗舰店,广东
62,Apple/苹果 iPhone 15 Pro Max,16999.00元,4000+人收货,浩酷3C数码,浙江
63,Apple/苹果 iPhone 15 Pro Max 支持移动联通电信5G 双卡双待手机,10999.00元,4000+人收货,立立数码,江苏
64,vivo iQOO Neo8 Pro新品手机独显芯片高刷智能5g游戏电竞百亿补贴,2087.00元,4000+人收货,百亿补贴官方频道,浙江
65,【12+256特惠200元】vivo iQOO 12骁龙8Gen3自研电竞芯片闪充游戏iQOO官方旗舰店官网vivoiQOO12,3799.00元,4000+人收货,iQOO手机官方旗舰店,广东
66,【至高省250元】vivo iQOO Z8x手机官方旗舰店官网正品学生大电池大内存备用机老人机iqoo z7 z7x,999.00元,4000+人收货,iQOO手机官方旗舰店,广东
67,【官方旗舰】关爱心G7翻盖老年机正品超长待机语音播报老人手机一键拨号大字体大声音4G全网通男女商务老人机,144.00元,4000+人收货,关爱心旗舰店,广东
68,【购机至高省200元】vivo iQOO Z8手机官方旗舰店官网正品学生120W闪充大内存老人机备用机iqoo z7 z7x,1499.00元,4000+人收货,iQOO手机官方旗舰店,广东
69,【全国联保】Apple/苹果 iPhone 15 Pro Max全网通手机原装国行,8749.00元,4000+人收货,鑫手机优选商城,江苏
70,Redmi红米 Note 13 Pro+ 官方小米手机百亿补贴官网同款5G新品,1612.00元,4000+人收货,百亿补贴官方频道,浙江
71,Redmi红米Note 13 5G小米手机官网新款正品小米note13百亿补贴,880.00元,4000+人收货,百亿补贴官方频道,浙江
72,【顺丰包邮】Apple/苹果 iPhone 15 Pro 全网通5G手机新品国行,7999.00元,4000+人收货,中国移动手机数码店,浙江
73,华为畅享60X 7000mAh大电池长续航6.95英寸影音大屏官方旗舰店鸿蒙直面屏老人学生智能,1549.00元,4000+人收货,华为官方旗舰店,广东
74,Apple/苹果 iPhone 15 Pro,8499.00元,4000+人收货,陆杰数码,浙江
75,【新品上市】荣耀100 Pro 5G智能手机第二代骁龙8旗舰芯片单反级写真相机护眼屏官方旗舰店官网全新正品,3399.00元,4000+人收货,荣耀官方旗舰店,广东
76,[4G全网通]关爱心G1三防老人机超长待机正品电信版移动联通老年大屏大字体大声音语音播报专用智能按键机,90.00元,4000+人收货,关爱心旗舰店,广东
77,【购机至高省1200元】vivo iQOO Neo7 SE新品天玑8200官方旗舰店官网智能5g新款游戏电竞爱酷neo6 neo7,1499.00元,4000+人收货,iQOO手机官方旗舰店,广东
78,OPPO K10x手机正品保障智能5G新款超清拍照游戏百亿补贴官方正品,1176.00元,4000+人收货,百亿补贴官方频道,浙江
79,【旗舰】华为/HUAWEI Mate X5 新款智能手机折叠屏新品华为官方旗舰店,15999.00元,0,华为官方旗舰店,广东
80,【百亿补贴】Apple/苹果 iPhone 15 Pro智能手机,7999.00元,4000+人收货,中国移动泛全联盟手机企业店,浙江
81,【全国联保】Apple/苹果 iPhone 15手机原装国行正品,4869.00元,3000+人收货,鑫手机优选商城,江苏
82,小米 Redmi K60官网正品新品红米智能手机2K高光屏骁龙8+百亿补贴,1899.00元,3000+人收货,百亿补贴官方频道,浙江
83,honor/荣耀100 单反级写真相机拍照快充电竞游戏学生手机百亿补贴,2075.00元,3000+人收货,百亿补贴官方频道,浙江
84,【全国联保】Apple/苹果 iPhone 15 Pro Max全网通手机原装国行,8749.00元,3000+人收货,众逸数码,江苏
85,小米14 5G手机新品新款上市小米手机官网正品智能游戏百亿补贴,3644.00元,3000+人收货,百亿补贴官方频道,浙江
86,【官网】HONOR/荣耀Play8T 5G手机6000mAh大电池长续航850nit超清高亮新款官方旗舰正品游戏商务学生老人机,1049.00元,3000+人收货,荣耀官方旗舰店,广东
87,Redmi红米K60至尊版红米手机小米手机正品游戏电竞手机百亿补贴,2173.00元,3000+人收货,百亿补贴官方频道,浙江
88,【24期免息 送无线运动耳机2】vivo X100新品蓝晶×天玑9300旗舰芯片闪充拍照官网店官方vivox100正品x90,3949.00元,3000+人收货,vivo手机官方旗舰店,广东
89,【享24期分期免息】OPPO一加 12新品学生旗舰智能哈苏拍照游戏5G高通骁龙8 gen3官方官网正品OPPOAI,4299.00元,3000+人收货,一加官方旗舰店,广东
90,【官网】荣耀90 新款5G智能手机 高通骁龙芯片/2亿像素写真相机/3840Hz调光护眼屏官方旗舰店官网正品学生80,1949.00元,3000+人收货,荣耀官方旗舰店,广东
91,【官方旗舰店】金立N90翻盖老年机正品超长待机老人手机一键拨号大屏大字大声音电信4G全网通男女商务老人机,123.00元,3000+人收货,gionee金立旗舰店,广东
92,【16+256GB低至3599元】realme真我GT5 Pro旗舰新机第三代骁龙8超光影潜望长焦电竞官方正品gt5Pro,3599.00元,3000+人收货,realme官方旗舰店,广东
93,【旗舰】华为/HUAWEI Mate 60 Pro+ 新品智能手机,8999.00元,0,华为官方旗舰店,广东
94,vivo iQOO Neo7 SE新品天玑8200智能5g游戏 120HZ柔性直屏手机,1309.00元,3000+人收货,百亿补贴官方频道,浙江
95,MIUI/小米 Xiaomi 13,4299.00元,3000+人收货,之江数码,广东
96,MIUI/小米 Redmi K70 5G手机,2699.00元,3000+人收货,好再莱数码通讯,广东
97,Apple/苹果 iPhone 15 手机,5999.00元,3000+人收货,尚品优选手机数码商城,北京
98,【新品上市】HONOR/荣耀Magic6 Pro 5G手机 第三代骁龙8芯片/荣耀鸿燕通信/荣耀巨犀玻璃/官方旗舰店官网拍照,5699.00元,3000+人收货,荣耀官方旗舰店,广东
99,【立即抢购】Redmi 13C 5G手机新品上市智能官方旗舰店红米小米13c大音学生老年备用老人百元专用miui,749.00元,3000+人收货,小米官方旗舰店,北京
100,【下拉百补更优惠】vivo iQOO Z6x长续航手机闪充游戏5g大电池千元大内存官方旗舰店vivoiQOOZ6x,824.00元,3000+人收货,iQOO手机官方旗舰店,广东
101,Apple/苹果 iPhone 15 Pro Max 手机,10999.00元,3000+人收货,信圆手机数码,北京
102,【新品】HUAWEI/华为 nova 12 100W智能快充Turbo 前置6000万4K超广角人像 华为官方旗舰店鸿蒙智慧通信,2999.00元,0,华为官方旗舰店,广东
103,【全国联保】Apple/苹果 iPhone 15全网通5G手机原装国行正品,4869.00元,3000+人收货,众逸数码,江苏
104,【立即抢购】Redmi Note 13 Pro+2亿像素note13pro曲面屏120w充电小米官方旗舰店官网旗舰备用智能机,1899.00元,3000+人收货,小米官方旗舰店,北京
105,【至高立省600元】vivo Y78/t1新品全面屏游戏拍照学生5G智能手机大电池官方旗舰店老人机Y78+,1050.00元,3000+人收货,vivo手机官方旗舰店,广东
106,【顺丰包邮】honor/荣耀 X50,1399.00元,3000+人收货,壹佰分数码,广东
107,MIUI/小米 Xiaomi 13 12+256,4299.00元,3000+人收货,浩酷3C数码,浙江
108,【官网】OPPO K11x 手机拍照智能数码全面屏大电池新款电竞游戏官方旗舰店正品学生备用老人oppo正品,1099.00元,3000+人收货,OPPO官方旗舰店,广东
109,OPPO Find X7 旗舰新品智能拍照超级闪充数码AI手机oppo官方官网旗舰店正品学生大屏幕oppofindx7 oppo,3999.00元,3000+人收货,OPPO官方旗舰店,广东
110,【购机享24期免息】vivo iQOO Neo9 Pro新品手机天玑9300官方旗舰店正品智能5g学生游戏neo8,2999.00元,3000+人收货,iQOO手机官方旗舰店,广东
111,OPPO一加ace2v OnePlus新款游戏5G性能手机直屏百亿补贴官方正品,1759.00元,3000+人收货,百亿补贴官方频道,浙江
112,honor/荣耀100 Pro 5G手机原装23年新款学生拍照百亿补贴官方正品,3026.00元,3000+人收货,百亿补贴官方频道,浙江
113,【全国联保】Apple/苹果 iPhone 15 Pro Max全网通手机原装国行,8749.00元,3000+人收货,众逸数码,江苏
114,【至高优惠1000元 购机享24期免息！】Xiaomi 13新品手机徕卡影像/骁龙8 Gen2小米官方旗舰店官网澎湃OS系统,3599.00元,3000+人收货,小米官方旗舰店,北京
115,Apple/苹果 iPhone 15 Pro Max 手机,10999.00元,3000+人收货,尚品优选手机数码商城,北京
116,HUAWEI/华为nova 11 SE 一亿像素66W快充华为官方旗舰店鸿蒙智能学生补贴高清自拍游戏老人机,1949.00元,2000+人收货,华为官方旗舰店,广东
117,Apple/苹果 iPhone 15 Pro Max,11999.00元,2000+人收货,合谷数码电器,浙江
118,Apple/苹果 iPhone 15 Pro,99999.00元,2000+人收货,浩酷3C数码,广东
119,Apple/苹果 iPhone 15 Pro Max 手机,10999.00元,2000+人收货,信圆手机数码,北京
120,【享3期免息】OPPO一加 Ace 2 新款游戏学生旗舰智能5G手机满血版骁龙8+一加官网旗舰店oppo官方正品AI,2049.00元,2000+人收货,一加官方旗舰店,广东
121,Apple/苹果 iPhone 15 Pro Max,15999.00元,2000+人收货,鑫源通讯数码科技,广东
122,Apple/苹果 iPhone 15 Pro Max,16999.00元,2000+人收货,迷制数码,河南
123,华为老人手机超长待机大屏大字大声音联通电信4G全网通按键老年机,128.00元,2000+人收货,锐达通信,广东
124,【官方旗舰店】金立V5老年手机4G全网通正品超长待机老人机大屏幕大字大声音男女电信版学生专用智能按键,66.90元,2000+人收货,gionee金立旗舰店,广东
125,Huawei/华为 畅享 70智能超长续航超清影像鸿蒙大屏手机百亿补贴,831.00元,2000+人收货,百亿补贴官方频道,浙江
126,【购机赠蓝牙耳机】Redmi K70Pro红米k70pro手机官方旗舰店小米小米k70pro骁龙8Gen3澎湃OS,3299.00元,2000+人收货,小米官方旗舰店,北京
127,OPPO K11手机索尼IMX890主摄100W闪充大电池大内存5G手机旗舰同款,1326.00元,2000+人收货,百亿补贴官方频道,浙江
128,Apple/苹果14 iphone14 正品保障百亿补贴官方5G新款数码苹果手机,4149.00元,2000+人收货,百亿补贴官方频道,浙江
129,MIUI/小米 Xiaomi 13 12+512,4699.00元,2000+人收货,浩酷3C数码,浙江
130,现货速发【晒单返50元红包 自营】vivo iQOO Neo9 新品5G拍照游戏电竞学生官方旗舰店官网正品iqoo neo8,2299.00元,2000+人收货,喵速达电器官方旗舰店,浙江
131,【24期免息 送无线运动耳机2】vivo X100 Pro新品蓝晶×天玑9300芯片闪充拍照官网官方旗舰店vivox100pro,4949.00元,2000+人收货,vivo手机官方旗舰店,广东
132,Apple/苹果 iPhone 15 Pro Max,16999.00元,2000+人收货,迷制数码,河南
133,【享6期免息】荣耀X50 智能手机5G全球首款瑞士SGS整机五星抗跌耐摔认证 5800mAh大电池官方旗舰店X40,1299.00元,2000+人收货,荣耀官方旗舰店,广东
134,Apple/苹果 iPhone 15 Pro Max 新品5G全网通手机,10499.00元,2000+人收货,华圣手机通讯店,广东
135,官方旗舰店】诺基亚105老年手机老人机超长待机小迷你学生初中高中生专用儿童经典款备用旗舰店官网2023新款,139.00元,2000+人收货,诺基亚手机官方旗舰店,广东
136,Apple/苹果 iPhone 15 Pro 国行正品手机,9999.00元,2000+人收货,淘百优选,北京
137,Apple/苹果 iPhone 15 Pro 手机,8499.00元,2000+人收货,尚品优选手机数码商城,北京
138,【官网】HONOR/荣耀畅玩20 4G手机5000mAh大电池6.5英寸高清护眼屏震撼大音量官方旗舰店官网,599.00元,2000+人收货,荣耀官方旗舰店,广东
139,Huawei/华为畅享60X手机7000m毫安长续航百亿补贴官方正品新品,1177.00元,2000+人收货,百亿补贴官方频道,浙江
140,honor/荣耀 X50 智能5G手机官方官网正品大电池选荣耀耳机,1399.00元,2000+人收货,智域数码,广东
141,Apple/苹果 iPhone 15 Pro Max 支持移动联通电信5G 双卡双待手机,10999.00元,2000+人收货,立立数码,江苏
142,官方正品旗舰2024全新12+256G电竞八核游戏智能手机安卓5G全网通学生价千元超薄超大屏备用机老年人机工作室,399.04元,2000+人收货,天天特卖工厂店,浙江
143,honor/荣耀 X50,9999.00元,2000+人收货,酷动3C数码商城,广东
144,【官方旗舰店正品】4G全网通老人手机超长待机老年机大屏大字大声全语音王老人专用学生电信非智能按键机1838,54.00元,2000+人收货,苏宁易购官方旗舰店,广东
145,【官网】HONOR/荣耀X40 GT竞速版/荣耀X40 GT 5G智能电竞手机高通骁龙888芯片144Hz高刷电竞屏,1499.00元,2000+人收货,荣耀官方旗舰店,广东
146,【购机立省100元 赠闪充面条线】vivo Y33t新品智能拍照手机大内存大电池长续航vivo官方旗舰店正品学生机,699.00元,2000+人收货,vivo手机官方旗舰店,广东
147,MIUI/小米 Redmi Note 12 Turbo手机红米note12T小米手机note12t,1843.00元,2000+人收货,淘百优选,北京
148,vivo iQOO Z8,1699.00元,2000+人收货,百亿企业店,广东
149,【官网】HONOR/荣耀Play7T 5G手机6000mAh大电池长续航新款官方旗舰正品游戏商务学生老人机安卓,899.00元,2000+人收货,荣耀官方旗舰店,广东
150,MIUI/小米 Redmi K70 Pro 5G红米 第三代骁龙8 手机百亿补贴官方,2895.00元,2000+人收货,百亿补贴官方频道,浙江
151,vivo iQOO Neo8 Pro新品手机天玑9200+独显芯片高刷官方旗舰店智能5g游戏电竞,2399.00元,2000+人收货,iQOO手机官方旗舰店,广东
152,【8+256】vivo iQOO Z8 8+256,1699.00元,2000+人收货,静远数码通讯店,广东
153,MIUI/小米 Redmi Note 12 Turbo,1799.00元,2000+人收货,数码8888宝贝,上海
154,vivo iQOO Z8 5G学生游戏手机vivoz7 iqooz5 iqooz6x iqooz7,1799.00元,2000+人收货,依梦正品数码商城,江苏
155,【享3期免息】OPPO一加Ace 2VOnePlus新款游戏5G性能手机直屏天玑9000移动平台官方旗舰享OPPO官方售后,1999.00元,2000+人收货,一加官方旗舰店,广东
156,[15 Pro]Apple/苹果 iPhone 15 Pro 高刷屏全网通2023新品5G手机,8999.00元,2000+人收货,华圣手机通讯店,广东
157,晒单返10元红包】HONOR/荣耀x50 5G手机官方旗舰店官网正品5800毫安大电池学生千元机X40GT华新款为2127,1249.00元,2000+人收货,苏宁易购官方旗舰店,北京
158,【购机至高省500元】vivo Y77t新品全面屏游戏拍照学生5G智能手机大电池官方旗舰店老人机Y78+ Y78,1199.00元,2000+人收货,vivo手机官方旗舰店,广东
159,Apple/苹果 iPhone 15,5998.00元,2000+人收货,浩酷3C数码,广东
160,OPPO 一加 Ace2 手机新款游戏旗舰5G手机新品正品官方旗舰店一加Ace 2V,2099.00元,2000+人收货,喵速达电器官方旗舰店,浙江
161,MIUI/小米 Redmi K70E天玑8300-Ultra小米澎湃0S 5500mAh超长续航,1684.00元,2000+人收货,百亿补贴官方频道,浙江
162,【百亿补贴】vivo iQOO Z8 手机 12+256GB,1899.00元,1000+人收货,浩酷3C数码,浙江
163,2022新款Apple/苹果 iPhone 14 Pro Max苹果14promax全网通5G手机,6598.00元,1000+人收货,微蜂数码,广东
164,【3期免息 赠vivo原装耳机】vivo Y100新品5G智能拍照手机大内存大电池长续航vivo官方旗舰店正品功能机学生,1249.00元,1000+人收货,vivo手机官方旗舰店,广东
165,[官方旗舰店]4G全网通纽曼 T10正品老年手机超长待机老人机大屏幕大字大声音移动联通电信版女小学生按键,66.30元,1000+人收货,纽曼手机旗舰店,广东
166,Huawei/华为 P60,9999.00元,1000+人收货,酷动3C数码商城,广东
167,Apple/苹果 iPhone 14,5399.00元,0,Apple Store 官方旗舰店,上海
168,Apple/苹果 iPhone 15 Pro,99999.00元,1000+人收货,浩酷3C数码,广东
169,[官方旗舰店]关爱心A8全网通4G老人手机老年手机超长待机直板按键大屏大字大声音超长待机男女学生功能机,42.50元,1000+人收货,关爱心旗舰店,广东
170,【晒单享10元红包】Huawei/华为畅享70手机官方鸿蒙智能旗舰店新品6000mAh大电池6.75英寸华为畅享 70 1694,969.00元,1000+人收货,苏宁易购官方旗舰店,浙江
171,Apple/苹果 iPhone 15 Pro Max,9319.00元,1000+人收货,年月数码,北京
172,【新品】HUAWEI/华为 nova 12 Ultra 前置6000万人像追焦双摄 物理可变光圈华为官方旗舰店鸿蒙智慧通信,4699.00元,0,华为官方旗舰店,广东
173,Apple/苹果 iPhone 15,5999.00元,1000+人收货,陆杰数码,浙江
174,【24期免息 赠无线运动耳机2】vivo S18Pro天玑5G智能人像拍照AI新品全面屏官方旗舰店官网正品S17Pro,3099.00元,1000+人收货,vivo手机官方旗舰店,广东
175,【至高省200元 赠闪充面条线】vivo Y78t新品5G智能拍照手机大内存大电池长续航vivo官方旗舰店正品功能机,1049.00元,1000+人收货,vivo手机官方旗舰店,广东
176,MIUI/小米 Redmi Note 12 Turbo,1899.00元,1000+人收货,百越数码手机店,广东
177,MIUI/小米 Redmi K70 12/16+256G,9999.00元,1000+人收货,百盛优选店,广东
178,OPPO Reno10 5G 新款智能拍照闪充手机超速大内存电竞游戏影像学生官网正品oppo官方旗舰店reno9AI,1799.00元,1000+人收货,OPPO官方旗舰店,广东
179,【购机至高省650元】vivo iQOO Z7骁龙120W闪充千元机学生大内存送礼游戏iQOO官网旗舰店官方iq00,1249.00元,1000+人收货,iQOO手机官方旗舰店,广东
180,Apple/苹果 iPhone 15 支持移动联通电信5G双卡双待手机,5999.00元,1000+人收货,华圣手机通讯店,广东
181,vivo iQOO Z8手机iqooz8新品iqooz8x官方iqqo旗舰z7店z7x爱酷iq00,1699.00元,1000+人收货,百亿企业店,广东
182,[官方旗舰店]纽曼N66新款三防老年全语音王学生直板按键老年机4G全网通超长待机老人机大屏大字大声音,66.00元,1000+人收货,纽曼手机旗舰店,广东
183,Apple/苹果 iPhone 15 Pro,99999.00元,1000+人收货,浩酷3C数码,广东
184,纽曼 L66移动联通电信版老人手机老年手机超长待机直板按键大屏大字大声超长待机男女学生4G全网通功能机,58.70元,1000+人收货,纽曼手机旗舰店,广东
185,【官方旗舰店】诺基亚125老年人手机学生备用手机超长待机大字大屏大声音老年人功能机老人机经典2023新款,149.00元,1000+人收货,诺基亚手机官方旗舰店,广东
186,【百亿】 iQOO（数码） Neo8 Pro 16GB+256GB 手机,3199.00元,1000+人收货,白云手机企业店,江苏
187,vivo iQOO 11S超算独显芯片200W闪充骁龙8Gen2亚运游戏手机官方,2845.00元,1000+人收货,百亿补贴官方频道,浙江
188,【12+256】MIUI/小米 Redmi Note 12 Turbo,1899.00元,1000+人收货,浩酷3C数码,浙江
189,OPPO A2 Pro 超大内存 四年耐用电池 67W超级闪充 官方正品学生智能拍照oppo旗舰店官方旗舰,1399.00元,1000+人收货,OPPO官方旗舰店,广东
190,[省200+赠耳机]Meizu/魅族21新品手机高通骁龙8Gen3芯片官方官网旗舰店5G直面屏幕学生游戏智能AI拍照正品20,3499.00元,1000+人收货,魅族官方旗舰店,广东
191,三星Galaxy S23新品新款5G智能手机百亿补贴官方正品全新三星s23,4878.00元,1000+人收货,百亿补贴官方频道,浙江
192,Apple/苹果 iPhone 15,5999.00元,1000+人收货,迷制数码,浙江
193,【官方旗舰店】纽曼W69双屏4G全网通翻盖手机老人机老年手机大屏大字大声学生男女士商务超长待机按键非智能,148.00元,1000+人收货,纽曼手机旗舰店,广东
194,honor/荣耀Play8T 5G手机6000mAh大电池长续航新款百亿补贴官方,923.00元,1000+人收货,百亿补贴官方频道,浙江
195,【官方旗舰店】2023全新正品256G大内存电竞游戏13promax智能安卓5G全网通学生价千百元大屏老年人备用机,363.00元,1000+人收货,巴硕旗舰店,广东
196,[官方旗舰]4G全网通关爱心G5正品老年手机超长待机老人机大屏大字体大声音男女士电信版学生专用智能按键,81.00元,1000+人收货,关爱心旗舰店,广东
197,【12期免息 赠无线运动耳机2】vivo S18e新款天玑5G智能人像拍照全新直屏全面屏官方旗舰店官网正品S17e,1999.00元,1000+人收货,vivo手机官方旗舰店,广东
198,Apple/苹果 iPhone 15 Pro Max支持移动联通电信 5G 双卡双待手机,9999.00元,1000+人收货,易惠购企业店,浙江
199,官方旗舰店｜新款4G全网通三防老年机正品超长待机老人专用手机一键拨号大字体大声音电信版5G学生按键老人机,51.10元,1000+人收货,关爱心赫尔曼专卖店,广东
200,Apple/苹果 iPhone 15 Plus全网通2023新品5G手机,6999.00元,1000+人收货,花海手机通讯店,北京
201,Apple/苹果13 iphone13 移动联通电信5G数码双卡官方官网正品手机,3985.00元,1000+人收货,百亿补贴官方频道,浙江
202,(送蓝牙耳机)分期免息Apple/苹果 iPhone 13 Pro Max国行双卡手机,4298.00元,1000+人收货,星期五数码,广东
203,OPPO Reno11手机 全网通 5G天玑8200拍照影像手机百亿补贴正品,1979.00元,1000+人收货,百亿补贴官方频道,浙江
204,Apple/苹果 iPhone 15 Pro,8499.00元,1000+人收货,果壹数码,上海
205,(送蓝牙耳机)分期免息Apple/苹果 iPhone 14 Pro Max国行正品双卡,6598.00元,1000+人收货,星期五数码,广东
206,HUAWEI Mate 60 RS 非凡大师 旗舰手机 ULTIMATE DESIGN,11999.00元,0,华为官方旗舰店,广东
207,OPPO Reno11 Pro骁龙8+旗舰芯片5G新款智能拍照oppo手机正品oppo旗舰店官方旗舰reno11proAI,3299.00元,1000+人收货,OPPO官方旗舰店,广东
208,Apple/苹果 iPhone 15 Pro,9999.00元,1000+人收货,鑫辰通讯数码科技,广东
209,Apple/苹果 iPhone 14 Plus,5999.00元,0,Apple Store 官方旗舰店,上海
210,【官方旗舰店】4G全网通关爱心T2正品老年机超长待机老人机手机大字大声移动联通电信版儿童专用学生校园,49.00元,1000+人收货,关爱心旭光明专卖店,广东
211,vivo iQOO Z8x 8+128,1199.00元,1000+人收货,百亿企业店,广东
212,【至高享6期免息】OPPO一加 Ace 2 Pro OnePlus新款游戏学生智能拍照5G第二代骁龙8oppoAI,2599.00元,1000+人收货,一加官方旗舰店,广东
213,新MIUI/小米 Redmi K70 12G/16G+256 全网通5G游戏手机冰封散热快,2999.00元,1000+人收货,多多数码商场,广东
214,Apple/苹果 iPhone 15国行官方正品苹果15手机已激活新款iphone15,4598.00元,1000+人收货,苹果渠道仓,广东
215,【15 Pro】Apple/苹果 iPhone 15 Pro高刷屏全网通2023新品5G手机,9999.00元,1000+人收货,华圣手机通讯店,北京
216,诺基亚全网通老人机超长待机老年手机5G大屏大字大声音移动电信4G,125.00元,1000+人收货,雄捷数码手机城,广东
217,【爆款】Apple/苹果 iPhone 15 Pro Max 高刷屏全网通5G双卡双待,10999.00元,1000+人收货,京天数码通讯店,北京
218,【限时抢购】2024新款正品x13promax电竞游戏智能手机5G全网通学生价256G大内存百元备用机超大屏官方旗舰店,374.00元,1000+人收货,魅紫旗舰店,广东
219,小米14Pro手机新品新款上市小米徕卡联合研发百亿补贴官方正品,4459.00元,1000+人收货,百亿补贴官方频道,浙江
220,Apple/苹果 iPhone 15 Pro Max支持移动联通电信5G 双卡双待手机,9999.00元,1000+人收货,京淘优选手机店,北京
221,honor/荣耀X40 GT竞速版 5G骁龙888芯片 智能电竞手机高刷电竞屏,1335.00元,1000+人收货,百亿补贴官方频道,浙江
222,MIUI/小米 Xiaomi 13,3599.00元,1000+人收货,兴隆数码店,广东
223,【官方正品+全国联保】Apple/苹果 iPhone 15 Pro,7499.00元,1000+人收货,宏鸣数码,北京
224,honor/荣耀 X50 5G手机 5800毫安大电池学生,1749.00元,1000+人收货,享机惠数码店,北京
225,Apple/苹果 iPhone 15 Pro Max新款5G手机国行正品智能全网通手机,12499.00元,1000+人收货,乐汇数码通讯,广东
226,Apple/苹果 iPhone 15 Pro Max,11199.00元,1000+人收货,年月数码,北京
227,honor/荣耀 90 GT 5G智能游戏高通骁龙8芯片直屏拍照高端荣耀手机,2355.00元,1000+人收货,百亿补贴官方频道,浙江
228,Apple/苹果 iPhone 15 Pro Max,16999.00元,1000+人收货,浩酷3C数码,浙江
229,[官方旗舰店]4G全网通纽曼 M6正品老年手机超长待机老人机大屏幕大字大声音移动联通电信版女小学生智能按键,162.00元,1000+人收货,纽曼深圳专卖店,广东
230,realme真我 GT Neo5 SE新品5G手机第二代骁龙7+旗舰芯手机大内存,1763.00元,1000+人收货,百亿补贴官方频道,浙江
231,【12+256百亿补贴】vivo iQOO Z8手机,1699.00元,1000+人收货,全国数码手机商城,广东
232,现货速发【下单优先发】HONOR/荣耀X50 5G手机官方旗舰店正品新款智能官网学生游戏直降荣耀x50非华为,1249.00元,1000+人收货,机御旗舰店,广东
233,【15Pro】Apple/苹果 iPhone 15 Pro支持移动联通电信5G 双卡双待,8999.00元,1000+人收货,京淘优选手机店,北京
234,【享3期免息】OPPO一加 Ace 2V OnePlus新款游戏5G性能手机直屏天玑9000移动平台旗舰店正品享OPPO官方售后,1999.00元,1000+人收货,OPPO官方旗舰店,广东
235,OPPO K11x 1亿超清影像新款5g新品120Hz竞速屏手机百亿补贴官方,1022.00元,1000+人收货,百亿补贴官方频道,浙江
236,Apple/苹果 iPhone 15 Pro Max支持移动联通电信5G 双卡双待手机,9999.00元,1000+人收货,京淘优选手机店,北京
237,Apple/苹果 iPhone 15,6999.00元,1000+人收货,合谷数码电器,浙江
238,【官方旗舰店】金立L1新款三防老人机超长待机4G全网通正品老年大屏大字大声音电信版学生专用非智能按键,73.70元,1000+人收货,gionee金立旗舰店,广东
239,Apple/苹果 iPhone 15 支持移动联通电信5G 双卡双待手机,5299.00元,1000+人收货,HK数码企业店,上海
240,Apple/苹果 iPhone 15 Pro,7999.00元,1000+人收货,深翼数码手机店,北京
241,【15 Pro】Apple/苹果 iPhone 15 Pro高刷屏全网通5G双卡双待手机,8499.00元,1000+人收货,京天数码通讯店,北京
242,【12+256G】vivo iQOO Neo7 SE,2099.00元,1000+人收货,静远数码通讯店,广东
243,当天发!送好礼 小米红米Note11Pro 8+256GB 5G手机 天玑920旗舰 闪充 小米官方旗舰官网店Redmi,699.00元,1000+人收货,创宇嘉汇数码专营店,广东
244,【百亿补贴】honor/荣耀 90 16GB+256GB,9999.00元,1000+人收货,百盛优选店,广东
245,【现货速发 选送手环】小米Redmi Note 13 Pro手机红米note13pro官方旗舰店正品官网新款小米红米note13pro,1399.00元,1000+人收货,机御旗舰店,广东
246,Huawei/华为 P60 256/512GB,9999.00元,1000+人收货,星星通讯行,浙江
247,【至高立省100元 赠闪充面条线】vivo Y55t新品5G智能拍照手机大内存大电池长续航vivo官方旗舰店正品学生机,799.00元,1000+人收货,vivo手机官方旗舰店,广东
248,【至高6期免息】OPPO一加 Ace 3 新款游戏学生智能5G手机第二代骁龙8 oppo官网旗舰店官方正品一加AI,2599.00元,1000+人收货,OPPO官方旗舰店,广东
249,Apple/苹果 iPhone 15 Pro Max 手机,10999.00元,1000+人收货,信圆手机数码,北京
250,16+512）OnePlus/一加 Ace 2 Pro,2999.00元,1000+人收货,浩酷3C数码,浙江
251,MIUI/小米 Xiaomi Civi 3手机小米百亿补贴新款拍照智能小米手机,1856.00元,1000+人收货,百亿补贴官方频道,浙江
252,[官方旗舰店] 金立V33老人机超长待机4G全网通正品老年手机大屏幕大字大声音男女电信版学生专用智能按键,114.00元,1000+人收货,gionee金立旗舰店,广东
253,Apple/苹果 iPhone 15 Pro Max 新款手机官方正品原装未拆封现货,10999.00元,1000+人收货,紫金数码店,广东
254,【8+128百亿补贴】】vivo iQOO Z8x 手机,999.00元,1000+人收货,全国数码手机商城,广东
255,【12/16+512】MIUI/小米 Redmi Note 13 Pro,1999.00元,1000+人收货,百补优选,广东
256,vivo X90新品拍照超清智能手机旗舰百亿补贴正品保障5G游戏手机,2957.00元,1000+人收货,百亿补贴官方频道,浙江
257,vivo iQOO 12第三代骁龙8自研电竞芯片闪充游戏手机百亿补贴官方,3543.00元,1000+人收货,百亿补贴官方频道,浙江
258,Apple/苹果 iPhone 15 Pro 支持移动联通电信5G 双卡双待手机,9999.00元,1000+人收货,立立数码,江苏
259,Huawei/华为nova11 保障鸿蒙学生超薄直面屏nova11手机 百亿补贴,2111.00元,1000+人收货,百亿补贴官方频道,浙江
260,Apple/苹果 iPhone SE苹果iPhone5s备用机学生上网课可刷机可还原,122.00元,1000+人收货,西游二师兄数码通讯店,广东
261,官方旗舰品纽曼 L8S全网通4G三防老年机超长待机正品老年手机大屏大字大声音按键电信版功能学生专用全语音王,52.90元,1000+人收货,深圳易乐购数码专营店,广东
262,顺丰Apple/苹果 iPhone 15 Pro Max新款15手机5G正品苹果15promax,8880.00元,1000+人收货,七分钟数码,广东
263,[官方旗舰店]4G全网通纽曼K50正品老年手机长待机老人机大屏幕大字大声音男女士电信版学生专用智能按键,85.00元,1000+人收货,纽曼手机旗舰店,广东
264,Apple/苹果 iPhone 15 手机,5999.00元,1000+人收货,信圆手机数码,北京
265,Apple/苹果 iPhone 15 Pro Max,9999.00元,1000+人收货,魔伐数码,广东
266,【16G+256G】honor/荣耀 90,2499.00元,1000+人收货,壹佰分数码,广东
267,【至高12期免息 顺丰速发】Samsung/三星 Galaxy S24 Ultra 拍照游戏AI大屏商用智能 2亿像素 旗舰新品,9699.00元,1000+人收货,三星官方旗舰店,北京
268,Apple/苹果 iPhone 15 Pro Max,11999.00元,1000+人收货,糖豹数码电器,浙江
269,Apple/苹果 iPhone 15 Pro Max,16999.00元,1000+人收货,果壹数码,上海
270,Redmi Note 13 5G手机红米note手机小米手机小米官方旗舰店官网新品小米note13,999.00元,1000+人收货,小米官方旗舰店,北京
271,honor/荣耀Magic Vs2 5G折叠手机超轻薄机身第一代骁龙8+百亿补贴,6036.00元,1000+人收货,百亿补贴官方频道,浙江
272,[4G全网通]纽曼三防老年机超长待机正品老年手机大屏大字体大声音语音播报移动联通电信版老人专用按键机1617,65.00元,1000+人收货,苏宁易购官方旗舰店,江苏
273,Apple/苹果 iPhone 15 Pro,8499.00元,1000+人收货,迷制数码,浙江
274,MIUI/小米 Xiaomi 13,4299.00元,1000+人收货,魔伐数码,广东
275,Apple/苹果 iPhone 15,5999.00元,1000+人收货,迷制数码,浙江
276,顺丰速发【24期免息】Apple/苹果 iPhone 15 Pro 国行正品5G新款手机官方旗舰店直降全新分期13官网14pro max,7699.00元,1000+人收货,深蓝港数码旗舰店,广东
277,【顺丰包邮】MIUI/小米 Redmi Note 11 5G,1099.00元,1000+人收货,壹佰分数码,广东
278,【百亿补贴】Apple/苹果 iPhone 15,5999.00元,1000+人收货,中国移动泛全联盟手机企业店,浙江
279,honor/荣耀 X40 GT竞速版 5G智能手机 骁龙888旗舰芯片,1499.00元,1000+人收货,荣耀手机数码店,广东
280,vivo iQOO Neo8 12+256,2199.00元,1000+人收货,果果数码手机商城,湖北
281,朵唯S9学生手机老年机手机儿童手机迷你4G全网通超长待机戒网瘾专用备用小非智能男女老人机学生款高中生,66.80元,1000+人收货,恒诚卓越数码专营店,广东
282,【晒单享10元红包】Huawei/华为畅享70手机官方鸿蒙系统旗舰店6000mAh大电池千元老人机学生机华为畅想 70,939.00元,1000+人收货,苏宁易购官方旗舰店,北京
283,【全国联保】Apple/苹果 iPhone 15 Pro全网通手机原装国行正品,6869.00元,1000+人收货,众逸数码,江苏
284,【官方正品】小米红米手机Redmi 10A 大电量大屏幕大音量小米官方旗舰店老年机备用机9a,509.00元,1000+人收货,机御旗舰店,广东
285,【购机享6期免息】vivo iQOO Neo8 Pro新品手机天玑9200+独显芯片高刷官方旗舰店智能5g游戏电竞,2399.00元,1000+人收货,iQOO手机官方旗舰店,广东
286,【购机享6期免息】Xiaomi Civi 3新品手机小米Civi3官方旗舰店官网正品新款拍照智能Civi系列,2299.00元,1000+人收货,小米官方旗舰店,北京
287,MIUI/小米 Xiaomi 13,3999.00元,900+人收货,百越数码手机店,广东
288,【顺丰速发 立即抢购】Samsung/三星 Galaxy S24 Ultra 拍照游戏AI大屏商用智能 2亿像素 旗舰新品,9699.00元,900+人收货,三星官方旗舰店,北京
289,百亿 全新正品vivo iQOO Neo8手机全网通5G,1948.00元,900+人收货,团购百货手机店企业店,广东
290,【百亿补贴】vivo iQOO Neo7 SE 12+256G新款学生游戏手机,2099.00元,900+人收货,酷客数码科技,广东
291,【现货速发赠原厂碎屏险】小米Redmi Note 13 Pro手机红米note13pro小米官方旗舰店小米note13红米note13pro+,1349.00元,900+人收货,佰分购旗舰店,广东
292,【享24期免息】OPPO一加 12 新品旗舰智能哈苏拍照5G手机第三代骁龙8官方旗舰店正品享官方售后OPPOAI,4299.00元,900+人收货,OPPO官方旗舰店,广东
293,MIUI/小米 Redmi K60 16+256,2199.00元,900+人收货,淘百优选,北京
294,Apple/苹果 iPhone 15 Pro Max 支持移动联通电信5G 双卡双待手机,10999.00元,900+人收货,立立数码,江苏
295,Apple/苹果 iPhone 15 支持移动联通电信5G双卡双待手机,5999.00元,900+人收货,华圣手机通讯店,广东
296,【晒单享30元红包】huawei/华为畅享70Pro 1亿像素超清影像40W超级快充5000mAh电池长续航官方旗舰店畅想,1359.00元,900+人收货,苏宁易购官方旗舰店,北京
297,Apple/苹果 iPhone 15 Pro Max 高刷屏全网通2023新品5G手机,9999.00元,900+人收货,花海手机通讯店,北京
298,【512版本低至2899】realme真我GT5旗舰新机第二代骁龙8游戏满级秒充144Hz电竞直屏官方正品gt5,2899.00元,900+人收货,realme官方旗舰店,广东
299,【百亿】vivo iQOO Z8x 12GB+256GB 手机,1499.00元,900+人收货,白云手机企业店,江苏
300,【学生戒网力荐】诺基亚105 4G全网通老人老年机手机按键学生戒网功能备用老人机官方旗舰店官网2023新款,199.00元,900+人收货,诺基亚手机官方旗舰店,广东
301,【百亿补贴】vivo iQOO Z8 手机 12+256GB,1899.00元,900+人收货,迷制数码,广东
302,OPPO Find X7 Ultra旗舰全新智能拍照AI手机oppo手机官方旗舰店oppo商务全面屏正品新机oppofindx7ultra,5999.00元,900+人收货,OPPO官方旗舰店,广东
303,【3期免息 赠闪充面条线】vivo Y100i新品5G智能拍照手机大内存大电池长续航vivo官方旗舰店正品,999.00元,800+人收货,vivo手机官方旗舰店,广东
304,Redmi Note 13 Pro 手机红米note手机小米官方旗舰店note13pro,1499.00元,800+人收货,喵速达电器官方旗舰店,浙江
305,MIUI/小米 Redmi K70 16+512G 16+1TB全网通5G狂暴引擎游戏手机,3999.00元,800+人收货,多多数码商场,广东
306,【享3期免息】OPPO一加Ace 2OnePlus新款游戏旗舰智能5G手机满血版骁龙8+处理器享旗舰正品oppoAI,2049.00元,800+人收货,OPPO官方旗舰店,广东
307,Apple/苹果 iPhone 15 Plus全网通2023新品5G手机,6999.00元,800+人收货,华圣手机通讯店,广东
308,Apple/苹果 iPhone 15 Pro,8499.00元,800+人收货,陆杰数码,浙江
309,晒单返15元红包】HONOR/荣耀畅玩20手机官方旗舰店官网正品老人学生千元新款5000毫安大电池华为2127,549.00元,800+人收货,苏宁易购官方旗舰店,天津
310,MIUI/小米 Redmi Note 13 Pro 256G,1599.00元,800+人收货,新方向数码店,广东
311,vivo Y78t手机vivoy78t新品上市官方正品vivo2023学生百亿补贴,935.00元,800+人收货,百亿补贴官方频道,浙江
312,【优惠900】OPPO K10x oppok10x手机新款上市oppo手机官方旗舰店正品opopk10pro k9s 0ppo官方旗舰店正品,999.00元,800+人收货,OPPO欧佳专卖店,广东
313,Apple/苹果 iPhone 15 Pro Max,16999.00元,800+人收货,陆杰数码,浙江
314,【16GB+256GB】MIUI/小米 Redmi K60 5G手机全网通正品小米k60,2599.00元,800+人收货,百补优选,广东
315,【全国联保】Apple/苹果 iPhone 15 Pro Max全网通5G手机原装国行,9999.00元,800+人收货,不二优选手机商城,江苏
316,Apple/苹果 iPhone 15 Pro Max,9999.00元,800+人收货,终端优品,浙江
317,honor/荣耀畅玩40 5G手机官方旗舰店官网正品续航千元机百亿补贴,646.00元,800+人收货,百亿补贴官方频道,浙江
318,Apple/苹果 iPhone 15 Pro Max支持移动联通电信5G 双卡双待手机,13999.00元,800+人收货,京天数码通讯店,北京
319,Redmi Note 12 Turbo小米手机红米新款小米官方旗舰店官网新品正品note 12,1999.00元,800+人收货,喵速达电器官方旗舰店,浙江
320,【官网】HONOR/荣耀Play5T 4G手机5000mAh大电池22.5W快充新款官方旗舰店正品学生游戏拍照备用商务智能,749.00元,800+人收货,荣耀官方旗舰店,广东
321,【百亿补贴】Apple/苹果 iPhone 15 Pro,7999.00元,800+人收货,中国移动泛全联盟手机企业店,浙江
322,Apple/苹果 iPhone 15 Pro Max,16999.00元,800+人收货,涫码,浙江
323,Apple/苹果 iPhone 15手机全网通5g双卡国行正品苹果手机 双卡,5449.00元,800+人收货,年月数码,北京
324,vivo iQOO Z8x手机iqooz8x官方正品vivoz8x大电池z8x iqoz8x iqz8,1399.00元,800+人收货,全新正品特卖店,浙江
325,【12G+256G】honor/荣耀 90,2499.00元,800+人收货,壹佰分数码,广东
326,vivo iQOO Z7骁龙782G/120W闪充千元学生大内存送礼游戏手机iQOO官网旗舰店,1249.00元,800+人收货,iQOO手机官方旗舰店,广东
327,【官方旗舰店】尼凯恩F1三防老年机老人机超长待机正品老年手机大屏大字大声音4G全网通电信版按键老人专用,63.00元,800+人收货,尼凯恩旗舰店,广东
328,【8+256】OPPO K10x 5G全网通手机拍照智能新款电竞游戏手机,1099.00元,800+人收货,百亿企业店,广东
329,【6期免息/咨询下单更优惠 自营】HONOR/荣耀X50 GT 新品上市骁龙8+智能电竞5G荣耀官方旗舰网正品 x50gt,1969.00元,800+人收货,喵速达电器官方旗舰店,浙江
330,MIUI/小米 Redmi Note 13 Pro手机,1499.00元,800+人收货,明通数码手机,广东
331,Apple/苹果 iPhone 14 Pro国行14promax正品14官方手机plus全原,3671.00元,800+人收货,iPhone臻选,广东
332,12G+512G官方正品2024全新i15ProMax电竞游戏智能手机5G全网通千元学生价超薄6.8大屏备用机工作室老人机,383.25元,800+人收货,天天特卖工厂店,浙江
333,【推荐新品iQOO 12】vivo iQOO 11S超算独显芯片200W闪充骁龙8Gen2游戏iQOO官网旗舰店官方vivoiQOO11S,4199.00元,800+人收货,iQOO手机官方旗舰店,广东
334,百亿补贴vivo X90S全新正品蔡司影像天玑5G全面屏游戏拍照手机,3899.00元,800+人收货,全球数码手机商城,湖北
335,【至高直降100元】荣耀X50 智能手机5G全球首款瑞士SGS整机五星抗跌耐摔认证 5800mAh大电池官方旗舰店X30,1299.00元,800+人收货,荣耀官方旗舰店,广东
336,【全国联保】Apple/苹果 iPhone 15全网通5G手机原装国行正品,5999.00元,800+人收货,不二优选手机商城,江苏
337,【小时送达】Apple/苹果 iPhone 15 手机,5199.00元,0,Apple授权专营店,北京
338,【新品上市】OPPO K11X oppok11x手机 oppo手机 5g智能全网通正品0ppo k10x k9x k10 oppo官方旗舰店官网,1099.00元,800+人收货,OPPO欧欧专卖店,浙江
339,honor/荣耀 X50系列全新智能5G手机官方正品长续航学生千元机,1299.00元,800+人收货,宏利达数码手机,广东
340,现货3天内发货 [百亿补贴]vivo iQOO Neo8 【12GB+256GB】,2394.00元,800+人收货,优品行货数码店,广东
341,[24期免息]OPPO Reno11 opporeno11手机新款上市oppo手机官方旗舰店官网正品reno11pro+十 0ppo5g新机reno10,2099.00元,800+人收货,OPPO平实专卖店,广东
342,【百亿补贴】OPPO K10x 8+256GB,999.00元,700+人收货,欧加手机正品店,广东
343,16+256）oppo OnePlus/一加 Ace 2 5G手机 全网通 游戏手机 一,2799.00元,700+人收货,迷制数码,浙江
344,MIUI/小米 Redmi Note 13 5G,1099.00元,700+人收货,布丁数码手机,辽宁
345,Apple/苹果 iPhone 15 手机,5999.00元,700+人收货,信圆手机数码,北京
346,Apple/苹果 iPhone 15,5999.00元,700+人收货,陆杰数码,浙江
347,【官网】OPPO A2 大内存大屏幕 新品5G智能拍照学生手机官方正品oppo旗舰店官方旗舰oppoa2,1399.00元,700+人收货,OPPO官方旗舰店,广东
348,【购机享24期免息】vivo iQOO 12 Pro骁龙8Gen3/2K E7屏游戏闪充拍照iQOO官方旗舰店官网vivoiQOO12Pro,4999.00元,700+人收货,iQOO手机官方旗舰店,广东
349,Huawei/华为 P60,9999.00元,700+人收货,酷动3C数码商城,广东
350,Redmi K70新品上市红米手机小米手机官方旗舰店新品上市新款旗舰K60红米k70小米k70,2499.00元,700+人收货,喵速达电器官方旗舰店,浙江
351,Apple/苹果 iPhone 13 Pro Max苹果13promax全网通iPhone13手机5G,3268.00元,700+人收货,仰望数码店,广东
352,【下单优先发+送碎屏宝】HONOR/荣耀X50 5G手机官方旗舰店官网新款正品智能老人学生千元X40直降x50i非华为,1249.00元,700+人收货,三际数码官方旗舰店,山东
353,【顺丰发货】HUAWEI/华为畅享70 智能手机学生大电池大屏老人机学生官方旗舰店优于畅享60系列pro新款畅想70,909.00元,700+人收货,中国移动手机官方旗舰店,浙江
354,【现货速发享好礼】Huawei/华为nova12活力版手机官方旗舰店新款前置6000万nova 12 活力版鸿蒙通信智能,2398.00元,700+人收货,苏宁易购官方旗舰店,北京
355,Apple/苹果 iPhone 15 Pro Max钛金属 支持移动联通5G 双卡双待,12999.00元,700+人收货,北京世纪数码通讯,北京
356,vivo Y55t新品5G智能拍照手机大内存大电池学生百亿补贴官方正品,669.00元,700+人收货,百亿补贴官方频道,浙江
357,【16+1TB】vivo iQOO Neo8,9999.00元,700+人收货,静远数码通讯店,广东
358,Apple/苹果 iPhone 15 Pro 5G智能手机,11000.00元,700+人收货,宏途数码通信,北京
359,[官方旗舰店]飞利浦4G全网通正品老人手机超长待机老年机大屏大字大声移动联通电信版男女学生按键E2220,119.00元,700+人收货,飞利浦官方旗舰店,广东
360,OPPO Find N3 Flip 5G小折叠屏新品上市oppo find n3 flip oppo官方官网旗舰店正品AI智能拍照折叠款,5999.00元,700+人收货,OPPO官方旗舰店,广东
361,MIUI/小米 Redmi Note 12 Turbo 12GB+256GB版本,2999.00元,700+人收货,新方向数码店,广东
362,现货3天内发货【百亿补贴】realme（手机） 真我GT Neo5 SE 16+1T,2589.00元,700+人收货,优品行货数码店,广东
363,【百亿补贴】honor/荣耀 90 12+256G,9999.00元,700+人收货,百盛优选店,广东
364,Apple/苹果 iPhone 15 Pro,9999.00元,700+人收货,合谷数码电器,浙江
365,Apple/苹果 iPhone 15 Pro Max,9799.00元,700+人收货,沃酷3C数码企业店,河南
366,【百亿补贴 16+1T】MIUI/小米 Redmi Note 12 Turbo,2799.00元,700+人收货,中国移动泛全联盟手机企业店,浙江
367,新款老人智能手机三防老年机大屏大字大声音超长待机4G全网通专用,349.00元,700+人收货,亿添富数码广场,北京
368,Apple/苹果 iPhone 15 新品5G手机全新原装正品全网通国行,4829.00元,700+人收货,天猫优品官方直营,浙江
369,[百亿补贴12+256]vivo iQOO Neo8,2099.00元,700+人收货,全国数码手机商城,广东
370,百亿补贴vivo iQOO Neo8 12+256GB,1999.00元,700+人收货,全球数码手机商城,湖北
371,Apple/苹果 iPhone 15 Pro,8599.00元,700+人收货,耀鹏数码通讯,广东
372,Huawei/华为 畅享10正品鸿蒙系统全网通智能大屏学生老人智能手机,360.00元,700+人收货,盛世数码科技88,安徽
373,[15 Pro]Apple/苹果 iPhone 15 Pro 高刷屏全网通2023新品5G手机,8999.00元,700+人收货,华圣手机通讯店,广东
374,honor/荣耀 90 Pro智能手机大电池骁龙8芯片拍摄5G手机百亿补贴,2529.00元,700+人收货,百亿补贴官方频道,浙江
375,OPPO Reno10新款智能拍照快充电竞游戏影像手机百亿补贴官方新品,1728.00元,700+人收货,百亿补贴官方频道,浙江
376,Apple/苹果 iPhone 15 Pro Max 5G智能大屏手机,13000.00元,700+人收货,宏途数码通信,北京
377,【下单享优先发 分期免息】Redmi K70手机红米k70官方旗舰店新品上市官网正品旗舰K60红米k70小米k70,2379.00元,700+人收货,机御旗舰店,广东
378,全新原封正品 顺丰 honor/荣耀 90手机全网通5G,1868.00元,700+人收货,深圳市酷优淘数码公司,广东
379,Apple/苹果 iPhone 15,5999.00元,700+人收货,兴隆数码店,广东
380,【官方旗舰店】2024新款正品朵唯S23 ultra电竞游戏智能手机可用5G卡全网通学生价256G大内存百元老人备用机,386.00元,700+人收货,朵唯官方旗舰店,广东
381,【官网】HONOR/荣耀Play8T 5G手机6000mAh大电池长续航850nit超清高亮新款官方旗舰正品游戏商务学生老人机,1049.00元,700+人收货,荣耀官方旗舰店,广东
382,【全国联保】Apple/苹果 iPhone 15 Pro全网通5G手机原装国行正品,6999.00元,600+人收货,不二优选手机商城,江苏
383,Apple/苹果 iPhone 15 Pro Max 高刷屏全网通2023新品5G手机,10499.00元,600+人收货,花海手机通讯店,北京
384,小米Xiaomi MIX Fold 3新品手机上市小米mixfold3 mix系列折叠屏,7299.00元,600+人收货,百亿补贴官方频道,浙江
385,【百亿补贴128】MIUI/小米 Redmi Note 13 5G电竞大内存高刷,1199.00元,600+人收货,中国移动泛全联盟手机企业店,浙江
386,OnePlus/一加 12 新款5G智能哈苏拍照手机 2K东方屏第三代骁龙8,3905.00元,600+人收货,百亿补贴官方频道,浙江
387,16+256)OnePlus/一加 Ace 2,2999.00元,600+人收货,浩酷3C数码,浙江
388,OnePlus/一加 Ace 2满血版骁龙8+旗舰平台 1.5K灵犀触控屏,2999.00元,600+人收货,蓝宇数码通讯,北京
389,一加 Ace 2 Pro 第二代骁龙8旗舰芯片150W超级闪充至高24GB+1TB超级内存5G性能学生游戏,2999.00元,600+人收货,喵速达电器官方旗舰店,浙江
390,新款Apple/苹果 iPhone14Pro苹果14promax国行正品苹果14plus手机,5879.00元,600+人收货,天诺数码 十年老店,广东
391,一加 Ace 2 5G数字移动电话机 全网通手机,2699.00元,600+人收货,喵速达电器官方旗舰店,浙江
392,iQOO（数码） Neo8 Pro16+512GB,2599.00元,600+人收货,果果数码手机商城,湖北
393,【官方旗舰店】诺基亚2660 Flip翻盖老年机正品超长待机老人老年大屏大字学生4G商务老人机官网2023新款,399.00元,600+人收货,诺基亚手机官方旗舰店,北京
394,【24期免息】OPPO Reno11新品手机opporeno11正品oppo手机官方旗舰店官网oppo reno11新款上市reno10 0ppo,2099.00元,600+人收货,OPPO熊鑫专卖店,上海
395,送豪华礼/现货速发 华为Mate50Pro 新品X50 5G智能手机快充1亿像素曲屏游戏华为官方旗舰正品店官网正品,1438.00元,600+人收货,晟誉祥手机专营店,广东
396,【12GB+256GB】OPPO K11,1699.00元,600+人收货,乐时代数码店,广东
397,honor/荣耀X50i+ 5G智能手机 一亿像素护眼屏 百亿补贴官方正品,1278.00元,600+人收货,百亿补贴官方频道,浙江
398,现货速发【官方正品】小米Redmi 红米10A 官方旗舰店5000mAh大电量千元机大屏幕老年人学生9a红米10a,509.00元,600+人收货,机御旗舰店,广东
399,【512】MIUI/小米 Redmi Note 13 Pro+,2199.00元,600+人收货,百补优选,广东
400,Apple/苹果 iPhone 15,5999.00元,600+人收货,果壹数码,北京
401,【8+128G】MIUI/小米 Redmi Note 13 5G,1099.00元,600+人收货,壹佰分数码,广东
402,华为翻盖老人手机全网通4G手机老人大字大声移动联通电信超长待机,166.00元,600+人收货,爱立信数码,广东
403,MIUI/小米 Redmi K70,2599.00元,600+人收货,淘百优选,北京
404,全新正品 honor/荣耀 90手机全网通5G,1878.00元,600+人收货,团购百货手机店企业店,广东
405,Apple/苹果 iPhone 15 Pro 手机,7999.00元,600+人收货,信圆手机数码,北京
406,Apple/苹果 iPhone 15,5999.00元,600+人收货,浩酷3C数码,广东
407,【百亿补贴256】MIUI/小米 Redmi Note 13 Pro+ 5G手机天玑高刷,1999.00元,600+人收货,中国移动泛全联盟手机企业店,浙江
408,vivo iQOO Z8新款5g手机iqooz8 iq00z8爱酷z8x z7xz9正品旗舰官网,1222.00元,600+人收货,全国正品数码通讯1号店,广东
409,【下拉详情享百亿补贴 阿里自营】iPhone 14 256GB支持移动联通电信5G 双卡双待,6399.00元,600+人收货,喵速达电器官方旗舰店,浙江
410,新款Huawei/华为Mate60 Pro旗舰手机鸿蒙华为的mate60Pro遥遥领先,7089.00元,600+人收货,简益通讯,广东
411,【爆款】Apple/苹果 iPhone 15 全网通5G新款双卡双待手机,6499.00元,600+人收货,京天数码通讯店,北京
412,OPPO Find X6 Pro旗舰双芯手机100w超级闪充防水抗水三主摄正品,4244.00元,600+人收货,百亿补贴官方频道,浙江
413,【8+256G】MIUI/小米 Xiaomi 13手机小米13系列徕卡拍照小米,3999.00元,600+人收货,百补优选,浙江
414,【官方旗舰店正品】4G全网通朵唯老人手机超长待机老年机大屏幕大字大声全语音王老人专用学生智能按键机1617,85.00元,600+人收货,苏宁易购官方旗舰店,江苏
415,MIUI/小米 Xiaomi 14 16GB+512GB/16GB+1TB 智能手机,4799.00元,600+人收货,长天极数码正品店,广东
416,【百亿补贴】vivo iQOO Z8x 手机 8+256GB,1299.00元,600+人收货,浩酷3C数码,浙江
417,Apple/苹果 iPhone 15 全网通2023新品5G手机双卡双待,5999.00元,600+人收货,京淘优选手机店,北京
418,Apple/苹果 iPhone 15 Pro 新款5G手机国行正品智能全网通手机,9999.00元,600+人收货,乐汇数码通讯,广东
419,现货速发/送豪礼 官网正品HUAWEI/华为 Mate40 新款畅玩40系列智能5G新品千百元学生官方旗舰正品店60pro,799.00元,600+人收货,翎芸骆数码专营店,广东
420,honor/荣耀 畅玩50 Plus 5G手机35W快充智能商务游戏拍照学生手机,1065.00元,600+人收货,百亿补贴官方频道,浙江
421,OPPO Find N3 Flip小折叠屏手机新品上市拍照手机商务百亿补贴,4959.00元,600+人收货,百亿补贴官方频道,浙江
422,【6期免息 购机立省600元】vivo S17旗舰5G拍照游戏电竞智能全面屏官方旗舰店官网正品S16Pro S16e,2199.00元,600+人收货,vivo手机官方旗舰店,广东
423,[4G全网通]朵唯S10三防老年手机超长待机正品电信版移动联通老人机大屏大字体大声音语音播报专用智能按键机,53.00元,600+人收货,天天特卖工厂店,浙江
424,MIUI/小米 Redmi K70,3999.00元,600+人收货,佰亿数码手机,广东
425,Apple/苹果 iPhone 14 Pro Max国行苹果14pro max iphone14promax,6700.00元,600+人收货,华商通讯,广东
426,vivo X90 Pro+新品旗舰5G智能手机拍照游戏全面屏百亿补贴官方,4349.00元,600+人收货,百亿补贴官方频道,浙江
427,4G全网通金立A9正品老年手机超长待机老人机大屏幕大字大声音电信版户外三防专用智能备用老人老年机,152.00元,600+人收货,创于佳讯数码专营店,广东
428,【16+1T顺丰包邮 】realme（手机） 真我GT Neo5 SE旗舰新机5G,2199.00元,600+人收货,中国移动手机数码店,浙江
429,honor/荣耀 X50,1299.00元,600+人收货,尚品优选手机数码商城,北京
430,【官网】HONOR/荣耀X50i+ 5G智能手机 一亿像素超清影像 0风险调光OLED护眼屏 6.7英寸官方旗舰店 老人机学生,1599.00元,600+人收货,荣耀官方旗舰店,广东
431,Huawei/华为 畅享10正品鸿蒙系统全网通智能大屏学生老人智能手机,369.00元,600+人收货,雪山严选,广东
432,Apple/苹果 iPhone 13 Pro Max官方国行正品13pro手机13双卡mini,2758.00元,600+人收货,iPhone臻选,广东
433,Apple/苹果14plus iphone14plus 国行正品5G新款双卡手机官方官网,5428.00元,600+人收货,百亿补贴官方频道,浙江
434,【活动钜惠】MIUI/小米 Xiaomi 13 5G手机小米13系列徕卡拍照小米,3999.00元,600+人收货,百补优选,广东
435,honor/荣耀 X50 16+512GB手机全网通,1899.00元,600+人收货,不二优选手机商城,江苏
436,MIUI/小米 Redmi K60 至尊版,2699.00元,600+人收货,好再莱数码通讯,广东
437,Redmi K70新品上市红米手机小米手机官方旗舰店新品上市新款旗舰K60红米k70小米k70,2499.00元,600+人收货,喵速达电器官方旗舰店,浙江
438,MIUI/小米 Redmi Note 12 Turbo手机红米note手机骁龙官方正品,2099.00元,600+人收货,百补优选,广东
439,新款Apple/苹果 iPhone 15 Pro Max 苹果5G手机15ProMax 国行正品,8278.00元,600+人收货,清北数码,广东
440,honor/荣耀 X50 手机原装正品5G全网通荣耀x50系列新款学生千元机,1249.00元,600+人收货,中宽通讯行,广东
441,MIUI/小米 Redmi Note 12 Turbo,1559.00元,600+人收货,优优可达数码,广东
442,Apple/苹果 iPhone 15 Pro Max 移动联通电信5G 双卡双待手机,9999.00元,600+人收货,炫彩手机数码店,北京
443,[官方授权]迷你学生手机戒网瘾专用非智能男女超薄超小全网通儿童初中生高中生老人机只可以打电话卡片小,68.00元,600+人收货,奥发数码专营店,广东
444,Huawei/华为 P50 Pro 256GB,4999.00元,600+人收货,酷动3C数码商城,广东
445,Huawei/华为 华为畅享 70手机新款正品,1399.00元,500+人收货,全国数码手机商城,广东
446,12+256)OnePlus/一加 Ace 2,2999.00元,500+人收货,浩酷3C数码,浙江
447,Huawei/华为p60pro 手机官方正品保障百亿补贴超聚光数码官网同款,7695.00元,500+人收货,百亿补贴官方频道,浙江
448,【全国联保】Apple/苹果 iPhone 15手机原装国行正品,5999.00元,500+人收货,众逸数码,江苏
449,【百亿补贴】MIUI/小米 Redmi Note 12 Turbo 8+256G,9999.00元,500+人收货,百盛优选店,广东
450,小米14现货当天发MIUI/小米 Xiaomi 14手机官网旗舰正品5G澎湃,3715.00元,500+人收货,帝国数码城,四川
451,【全国联保】Apple/苹果 iPhone 15全网通5G手机原装国行正品,5999.00元,500+人收货,不二优选手机商城,江苏
452,【晒单享10元红包】HUAWEI/华为畅享60X 7000mAh长续航影音大屏直面屏大内存鸿蒙智能畅想华为官方旗舰店,1799.00元,500+人收货,苏宁易购官方旗舰店,北京
453,【晒单享30元红包】Huawei/华为畅享70Pro手机官方旗舰店鸿蒙智能华为畅享 70 pro新品40W快充新款学生1694,1499.00元,500+人收货,苏宁易购官方旗舰店,浙江
454,【16GB+512GB】honor/荣耀 100 Pro,4499.00元,500+人收货,德盛数码好店,广东
455,【全国联保】Apple/苹果 iPhone15 Plus全网通5G手机原装国行正品,6999.00元,500+人收货,不二优选手机商城,江苏
456,OPPO A2 Pro手机oppo手机智能游戏拍照闪充官方正品官网百亿补贴,1398.00元,500+人收货,百亿补贴官方频道,浙江
457,Apple/苹果 iPhone 15 Pro 支持移动联通电信 5G 双卡双待手机,7999.00元,500+人收货,易惠购企业店,浙江
458,Apple/苹果 iPhone 12 原装国行正品苹果12手机双卡全网通5G,1799.00元,500+人收货,华恒科技数码,广东
459,Huawei/华为 Mate 60 Pro2023全新上市华为 Mate 系列Mate 60 Pro,6900.00元,500+人收货,弘盛通讯,广东
460,honor/荣耀 X50 5G手机,1499.00元,500+人收货,好再莱数码通讯,广东
461,【晒单享10元红包】华为/HUAWEI畅享60 6000mAh长续航4800万超清影像直面屏鸿蒙智能畅想华为官方旗舰店,1299.00元,500+人收货,苏宁易购官方旗舰店,北京
462,RedmiK60至尊版新品红米手机小米手机小米官方旗舰店正品官方旗舰正品游戏电竞,2599.00元,500+人收货,喵速达电器官方旗舰店,浙江
463,新品 vivo iQOO Neo9 手机5G全网通游戏学生 骁龙8Gen2 iqooneo9 neo9Pro 旗舰 vivo iQOO官方旗舰店,2499.00元,500+人收货,三际数码官方旗舰店,山东
464,MIUI/小米 Xiaomi Civi 3 新款拍照官方正品小米Civi系列轻薄,2149.00元,500+人收货,布丁数码手机,浙江
465,Apple/苹果 iPhone 15,4999.00元,500+人收货,小万青创数码,浙江
466,Apple/苹果 iPhone 12 苹果12ProMax 国行正品 双卡5G手机 全网通,2150.00元,500+人收货,童心科技『苹果店』,广东
467,新品特惠【赠一年延保 自营】HUAWEI/华为畅享70 鸿蒙智能手机6000mAh长续航影像华为官方旗舰店官网正品70,1099.00元,500+人收货,喵速达电器官方旗舰店,浙江
468,【官方正品】Redmi K60手机红米k60手机小米手机小米官方旗舰店新品正品redmik60小米k60,2099.00元,500+人收货,小米官方旗舰店,北京
469,Huawei/华为 nova11se手机学生官网新品老人机百亿补贴官方正品,1794.00元,500+人收货,百亿补贴官方频道,浙江
470,【官网】荣耀X50 GT 智能5G手机骁龙8+满帧战神引擎 5800mAh超长续航官方旗舰店官网游戏电竞学生X40GT,1999.00元,500+人收货,荣耀官方旗舰店,广东
471,百亿补贴 全新正品vivo iQOO Neo8全网通5G手机12+256,1948.00元,500+人收货,深圳市酷优淘数码公司,广东
472,【顺丰包邮】honor/荣耀 畅玩50 Plus 新款5G智能手机 学生千元机,1399.00元,500+人收货,中国移动手机数码店,浙江
473,顺丰速发/分期免息 50Pro系列新款X50 16+512G华为5G手机曲面屏1亿像素快充拍照学生智能官方旗舰正品店,1648.00元,500+人收货,涂典勒数码专营店,广东
474,平安通老人智能手机一键双向视频通话老年人机定位功能大屏全网通,1788.00元,500+人收货,平安通智能手机折扣店,福建
475,Apple/苹果 iPhone 15 Pro,10199.00元,500+人收货,迷制数码,浙江
476,Apple/苹果 iPhone 15 Pro,11000.00元,500+人收货,宏途数码通信,北京
477,【阿里自营】Apple/苹果iPhone 15支持移动联通电信5G双卡双待官方旗舰店自营,5999.00元,500+人收货,喵速达电器官方旗舰店,浙江
478,Samsung/三星 Galaxy S24 Ultra SM-S9280 新款全网通5G国行手机,7958.00元,500+人收货,星海数码通讯,广东
479,Apple/苹果 iPhone 15 Pro Max,16999.00元,500+人收货,陆杰数码,浙江
480,【享3期免息】vivo iQOO Neo8新品手机高通骁龙8+独显高刷官方旗舰店智能5g游戏电竞爱酷neo7,2216.00元,500+人收货,vivo手机官方旗舰店,广东
